STATION,NAME,DATE,PRCP,SNOW,SNWD,TMAX,TMIN,TOBS
USC00241044,"BOZEMAN MONTANA STATE UNIVERSITY, MT US",1/1/2021,0,0,2,36,17,32
USC00241044,"BOZEMAN MONTANA STATE UNIVERSITY, MT US",1/2/2021,0.04,0,,39,19,37
USC00241044,"BOZEMAN MONTANA STATE UNIVERSITY, MT US",1/3/2021,0.02,0,1,43,19,34
USC00241044,"BOZEMAN MONTANA STATE UNIVERSITY, MT US",1/4/2021,0,0,1,41,19,36
USC00241044,"BOZEMAN MONTANA STATE UNIVERSITY, MT US",1/5/2021,0.15,1.5,2,42,28,35
USC00241044,"BOZEMAN MONTANA STATE UNIVERSITY, MT US",1/6/2021,0,0,2,44,18,40
USC00241044,"BOZEMAN MONTANA STATE UNIVERSITY, MT US",1/7/2021,0.25,2.5,3,42,27,31
USC00241044,"BOZEMAN MONTANA STATE UNIVERSITY, MT US",1/8/2021,0.08,0.8,6,34,27,29
USC00241044,"BOZEMAN MONTANA STATE UNIVERSITY, MT US",1/9/2021,0.01,0.1,5,32,8,27
USC00241044,"BOZEMAN MONTANA STATE UNIVERSITY, MT US",1/10/2021,0,0,5,30,4,28
USC00241044,"BOZEMAN MONTANA STATE UNIVERSITY, MT US",1/11/2021,0,0,3,32,8,31
USC00241044,"BOZEMAN MONTANA STATE UNIVERSITY, MT US",1/12/2021,0,0,2,45,18,45
USC00241044,"BOZEMAN MONTANA STATE UNIVERSITY, MT US",1/13/2021,0.07,0,2,50,28,37
USC00241044,"BOZEMAN MONTANA STATE UNIVERSITY, MT US",1/14/2021,0,0,2,39,21,33
USC00241044,"BOZEMAN MONTANA STATE UNIVERSITY, MT US",1/15/2021,0,0,2,38,15,34
USC00241044,"BOZEMAN MONTANA STATE UNIVERSITY, MT US",1/16/2021,0.06,0.6,2,38,21,38
USC00241044,"BOZEMAN MONTANA STATE UNIVERSITY, MT US",1/17/2021,0.05,0.5,2,38,25,34
USC00241044,"BOZEMAN MONTANA STATE UNIVERSITY, MT US",1/18/2021,0.03,0.3,2,36,25,29
USC00241044,"BOZEMAN MONTANA STATE UNIVERSITY, MT US",1/19/2021,0.01,0.1,2,32,15,32
USC00241044,"BOZEMAN MONTANA STATE UNIVERSITY, MT US",1/20/2021,0,0,2,40,19,39
USC00241044,"BOZEMAN MONTANA STATE UNIVERSITY, MT US",1/21/2021,0,0,2,40,26,32
USC00241044,"BOZEMAN MONTANA STATE UNIVERSITY, MT US",1/22/2021,0.02,0.2,2,35,21,25
USC00241044,"BOZEMAN MONTANA STATE UNIVERSITY, MT US",1/23/2021,0,0,2,28,17,24
USC00241044,"BOZEMAN MONTANA STATE UNIVERSITY, MT US",1/24/2021,0,0,2,28,6,28
USC00241044,"BOZEMAN MONTANA STATE UNIVERSITY, MT US",1/25/2021,0,0,2,29,8,25
USC00241044,"BOZEMAN MONTANA STATE UNIVERSITY, MT US",1/26/2021,0,0,2,25,12,23
USC00241044,"BOZEMAN MONTANA STATE UNIVERSITY, MT US",1/27/2021,0,0,2,39,11,35
USC00241044,"BOZEMAN MONTANA STATE UNIVERSITY, MT US",1/28/2021,0,0,2,44,23,42
USC00241044,"BOZEMAN MONTANA STATE UNIVERSITY, MT US",1/29/2021,0,0,2,44,32,39
USC00241044,"BOZEMAN MONTANA STATE UNIVERSITY, MT US",1/30/2021,0.3,3,5,39,29,33
USC00241044,"BOZEMAN MONTANA STATE UNIVERSITY, MT US",1/31/2021,0,0,5,34,11,34
USC00241044,"BOZEMAN MONTANA STATE UNIVERSITY, MT US",2/1/2021,0,0,4,38,13,37
USC00241044,"BOZEMAN MONTANA STATE UNIVERSITY, MT US",2/2/2021,0,0,4,51,22,51
USC00241044,"BOZEMAN MONTANA STATE UNIVERSITY, MT US",2/3/2021,0.28,2.8,7,52,24,30
USC00241044,"BOZEMAN MONTANA STATE UNIVERSITY, MT US",2/4/2021,0.04,0.8,7,31,19,28
USC00241044,"BOZEMAN MONTANA STATE UNIVERSITY, MT US",2/5/2021,0.1,1,8,33,24,33
USC00241044,"BOZEMAN MONTANA STATE UNIVERSITY, MT US",2/6/2021,0.04,1.2,10,35,5,26
USC00241044,"BOZEMAN MONTANA STATE UNIVERSITY, MT US",2/7/2021,0.3,4,14,28,-4,-1
USC00241044,"BOZEMAN MONTANA STATE UNIVERSITY, MT US",2/8/2021,0.14,4.2,17,7,-2,1
USC00241044,"BOZEMAN MONTANA STATE UNIVERSITY, MT US",2/9/2021,0,0,17,3,-10,1
USC00241044,"BOZEMAN MONTANA STATE UNIVERSITY, MT US",2/10/2021,0,0,17,3,-17,1
USC00241044,"BOZEMAN MONTANA STATE UNIVERSITY, MT US",2/11/2021,0.04,1.2,17,2,-14,-12
USC00241044,"BOZEMAN MONTANA STATE UNIVERSITY, MT US",2/12/2021,0.06,1.8,18,-10,-15,-11
USC00241044,"BOZEMAN MONTANA STATE UNIVERSITY, MT US",2/13/2021,0.01,0,18,-6,-22,-8
USC00241044,"BOZEMAN MONTANA STATE UNIVERSITY, MT US",2/14/2021,0,0,18,-1,-16,-2
USC00241044,"BOZEMAN MONTANA STATE UNIVERSITY, MT US",2/15/2021,0.05,0.5,18,21,-4,21
USC00241044,"BOZEMAN MONTANA STATE UNIVERSITY, MT US",2/16/2021,0.14,2.8,20,31,19,30
USC00241044,"BOZEMAN MONTANA STATE UNIVERSITY, MT US",2/17/2021,0.05,1,20,31,21,24
USC00241044,"BOZEMAN MONTANA STATE UNIVERSITY, MT US",2/18/2021,0.03,0.9,18,30,13,22
USC00241044,"BOZEMAN MONTANA STATE UNIVERSITY, MT US",2/19/2021,0,0,16,39,15,37
USC00241044,"BOZEMAN MONTANA STATE UNIVERSITY, MT US",2/20/2021,0.08,1.6,17,39,17,30
USC00241044,"BOZEMAN MONTANA STATE UNIVERSITY, MT US",2/21/2021,0,0,16,36,18,36
USC00241044,"BOZEMAN MONTANA STATE UNIVERSITY, MT US",2/22/2021,0,0,12,46,35,44
USC00241044,"BOZEMAN MONTANA STATE UNIVERSITY, MT US",2/23/2021,0.05,0.5,12,45,26,29
USC00241044,"BOZEMAN MONTANA STATE UNIVERSITY, MT US",2/24/2021,0.08,0.8,12,31,18,27
USC00241044,"BOZEMAN MONTANA STATE UNIVERSITY, MT US",2/25/2021,0,0,12,34,4,32
USC00241044,"BOZEMAN MONTANA STATE UNIVERSITY, MT US",2/26/2021,0,0,12,33,24,30
USC00241044,"BOZEMAN MONTANA STATE UNIVERSITY, MT US",2/27/2021,0.18,3.6,13,31,15,29
USC00241044,"BOZEMAN MONTANA STATE UNIVERSITY, MT US",2/28/2021,0.03,0.3,13,32,4,30
USC00241044,"BOZEMAN MONTANA STATE UNIVERSITY, MT US",3/1/2021,0,0,10,38,16,36
USC00241044,"BOZEMAN MONTANA STATE UNIVERSITY, MT US",3/2/2021,0,0,8,46,19,45
USC00241044,"BOZEMAN MONTANA STATE UNIVERSITY, MT US",3/3/2021,0,0,7,50,20,50
USC00241044,"BOZEMAN MONTANA STATE UNIVERSITY, MT US",3/4/2021,0,0,6,51,23,45
USC00241044,"BOZEMAN MONTANA STATE UNIVERSITY, MT US",3/5/2021,0,0,6,50,25,50
USC00241044,"BOZEMAN MONTANA STATE UNIVERSITY, MT US",3/6/2021,0,0,5,53,25,50
USC00241044,"BOZEMAN MONTANA STATE UNIVERSITY, MT US",3/7/2021,0.25,0,4,51,30,45
USC00241044,"BOZEMAN MONTANA STATE UNIVERSITY, MT US",3/8/2021,0,0,4,46,25,38
USC00241044,"BOZEMAN MONTANA STATE UNIVERSITY, MT US",3/9/2021,0.15,1.5,4,39,27,37
USC00241044,"BOZEMAN MONTANA STATE UNIVERSITY, MT US",3/10/2021,0,0,4,39,19,35
USC00241044,"BOZEMAN MONTANA STATE UNIVERSITY, MT US",3/11/2021,0,0,2,39,14,39
USC00241044,"BOZEMAN MONTANA STATE UNIVERSITY, MT US",3/12/2021,0,0,1,41,17,41
USC00241044,"BOZEMAN MONTANA STATE UNIVERSITY, MT US",3/13/2021,0,0,1,45,19,45
USC00241044,"BOZEMAN MONTANA STATE UNIVERSITY, MT US",3/14/2021,0,0,0,48,30,48
USC00241044,"BOZEMAN MONTANA STATE UNIVERSITY, MT US",3/15/2021,0,0,0,50,27,49
USC00241044,"BOZEMAN MONTANA STATE UNIVERSITY, MT US",3/16/2021,0,0,0,51,29,46
USC00241044,"BOZEMAN MONTANA STATE UNIVERSITY, MT US",3/17/2021,0,0,0,51,25,51
USC00241044,"BOZEMAN MONTANA STATE UNIVERSITY, MT US",3/18/2021,0,0,0,58,32,58
USC00241044,"BOZEMAN MONTANA STATE UNIVERSITY, MT US",3/19/2021,0,0,0,60,36,56
USC00241044,"BOZEMAN MONTANA STATE UNIVERSITY, MT US",3/20/2021,0.27,0.3,0,57,30,31
USC00241044,"BOZEMAN MONTANA STATE UNIVERSITY, MT US",3/21/2021,0,0,0,40,27,39
USC00241044,"BOZEMAN MONTANA STATE UNIVERSITY, MT US",3/22/2021,0,0,0,42,30,35
USC00241044,"BOZEMAN MONTANA STATE UNIVERSITY, MT US",3/23/2021,0.07,0.7,0,36,23,33
USC00241044,"BOZEMAN MONTANA STATE UNIVERSITY, MT US",3/24/2021,0.01,0,0,41,17,41
USC00241044,"BOZEMAN MONTANA STATE UNIVERSITY, MT US",3/25/2021,0.03,0,0,45,29,43
USC00241044,"BOZEMAN MONTANA STATE UNIVERSITY, MT US",3/26/2021,0.02,0,,44,27,40
USC00241044,"BOZEMAN MONTANA STATE UNIVERSITY, MT US",3/27/2021,0,0,0,50,34,49
USC00241044,"BOZEMAN MONTANA STATE UNIVERSITY, MT US",3/28/2021,0,0,0,64,41,63
USC00241044,"BOZEMAN MONTANA STATE UNIVERSITY, MT US",3/29/2021,0.02,0.2,0,64,25,31
USC00241044,"BOZEMAN MONTANA STATE UNIVERSITY, MT US",3/30/2021,0,0,0,35,19,35
USC00241044,"BOZEMAN MONTANA STATE UNIVERSITY, MT US",3/31/2021,0,0,0,46,18,46
USC00241044,"BOZEMAN MONTANA STATE UNIVERSITY, MT US",4/1/2021,0,0,0,69,28,66
USC00241044,"BOZEMAN MONTANA STATE UNIVERSITY, MT US",4/2/2021,0,0,0,70,32,64
USC00241044,"BOZEMAN MONTANA STATE UNIVERSITY, MT US",4/3/2021,0,0,0,69,34,68
USC00241044,"BOZEMAN MONTANA STATE UNIVERSITY, MT US",4/4/2021,0,0,0,71,40,68
USC00241044,"BOZEMAN MONTANA STATE UNIVERSITY, MT US",4/5/2021,0.04,0,0,70,36,36
USC00241044,"BOZEMAN MONTANA STATE UNIVERSITY, MT US",4/6/2021,0.55,5.5,0,44,32,44
USC00241044,"BOZEMAN MONTANA STATE UNIVERSITY, MT US",4/7/2021,0,0,0,63,30,61
USC00241044,"BOZEMAN MONTANA STATE UNIVERSITY, MT US",4/8/2021,0.11,0,0,62,31,33
USC00241044,"BOZEMAN MONTANA STATE UNIVERSITY, MT US",4/9/2021,0.04,0,0,50,22,49
USC00241044,"BOZEMAN MONTANA STATE UNIVERSITY, MT US",4/10/2021,0,0,0,60,31,50
USC00241044,"BOZEMAN MONTANA STATE UNIVERSITY, MT US",4/11/2021,0.12,1.2,0,50,20,31
USC00241044,"BOZEMAN MONTANA STATE UNIVERSITY, MT US",4/12/2021,0.01,0.1,0,38,22,36
USC00241044,"BOZEMAN MONTANA STATE UNIVERSITY, MT US",4/13/2021,0.01,0.1,0,39,22,32
USC00241044,"BOZEMAN MONTANA STATE UNIVERSITY, MT US",4/14/2021,0,0,0,36,22,31
USC00241044,"BOZEMAN MONTANA STATE UNIVERSITY, MT US",4/15/2021,0.01,0.1,0,40,25,37
USC00241044,"BOZEMAN MONTANA STATE UNIVERSITY, MT US",4/16/2021,0,0,0,45,25,43
USC00241044,"BOZEMAN MONTANA STATE UNIVERSITY, MT US",4/17/2021,0,0,0,56,25,55
USC00241044,"BOZEMAN MONTANA STATE UNIVERSITY, MT US",4/18/2021,0,0,0,62,31,58
USC00241044,"BOZEMAN MONTANA STATE UNIVERSITY, MT US",4/19/2021,0.04,0.4,0,59,23,30
USC00241044,"BOZEMAN MONTANA STATE UNIVERSITY, MT US",4/20/2021,0,0,0,39,18,36
USC00241044,"BOZEMAN MONTANA STATE UNIVERSITY, MT US",4/21/2021,0,0,0,49,19,49
USC00241044,"BOZEMAN MONTANA STATE UNIVERSITY, MT US",4/22/2021,0,0,0,55,28,52
USC00241044,"BOZEMAN MONTANA STATE UNIVERSITY, MT US",4/23/2021,0.11,1.1,0,53,25,44
USC00241044,"BOZEMAN MONTANA STATE UNIVERSITY, MT US",4/24/2021,0,0,0,55,31,52
USC00241044,"BOZEMAN MONTANA STATE UNIVERSITY, MT US",4/25/2021,0.24,0,0,52,37,45
USC00241044,"BOZEMAN MONTANA STATE UNIVERSITY, MT US",4/26/2021,0.46,0,0,49,34,47
USC00241044,"BOZEMAN MONTANA STATE UNIVERSITY, MT US",4/27/2021,0,0,0,54,28,54
USC00241044,"BOZEMAN MONTANA STATE UNIVERSITY, MT US",4/28/2021,0,0,0,61,31,60
USC00241044,"BOZEMAN MONTANA STATE UNIVERSITY, MT US",4/29/2021,0,0,0,69,37,68
USC00241044,"BOZEMAN MONTANA STATE UNIVERSITY, MT US",4/30/2021,0,0,0,78,44,76
USC00241044,"BOZEMAN MONTANA STATE UNIVERSITY, MT US",5/1/2021,0,0,0,79,44,67
USC00241044,"BOZEMAN MONTANA STATE UNIVERSITY, MT US",5/2/2021,0.2,0,0,68,42,49
USC00241044,"BOZEMAN MONTANA STATE UNIVERSITY, MT US",5/3/2021,0.03,0,0,55,30,53
USC00241044,"BOZEMAN MONTANA STATE UNIVERSITY, MT US",5/4/2021,0.1,0,0,56,38,52
USC00241044,"BOZEMAN MONTANA STATE UNIVERSITY, MT US",5/5/2021,0,0,0,58,38,38
USC00241044,"BOZEMAN MONTANA STATE UNIVERSITY, MT US",5/6/2021,0,0,0,71,38,71
USC00241044,"BOZEMAN MONTANA STATE UNIVERSITY, MT US",5/7/2021,0,0,0,72,48,65
USC00241044,"BOZEMAN MONTANA STATE UNIVERSITY, MT US",5/8/2021,1.22,1.2,0,66,30,36
USC00241044,"BOZEMAN MONTANA STATE UNIVERSITY, MT US",5/9/2021,0.08,0,0,44,32,44
USC00241044,"BOZEMAN MONTANA STATE UNIVERSITY, MT US",5/10/2021,0,0,0,51,35,51
USC00241044,"BOZEMAN MONTANA STATE UNIVERSITY, MT US",5/11/2021,0,0,0,55,38,55
USC00241044,"BOZEMAN MONTANA STATE UNIVERSITY, MT US",5/12/2021,0,0,0,60,32,60
USC00241044,"BOZEMAN MONTANA STATE UNIVERSITY, MT US",5/13/2021,0,0,0,65,44,65
USC00241044,"BOZEMAN MONTANA STATE UNIVERSITY, MT US",5/14/2021,0,0,0,67,41,64
USC00241044,"BOZEMAN MONTANA STATE UNIVERSITY, MT US",5/15/2021,0,0,0,66,40,66
USC00241044,"BOZEMAN MONTANA STATE UNIVERSITY, MT US",5/16/2021,0,0,0,71,40,70
USC00241044,"BOZEMAN MONTANA STATE UNIVERSITY, MT US",5/17/2021,0,0,0,75,45,74
USC00241044,"BOZEMAN MONTANA STATE UNIVERSITY, MT US",5/18/2021,0,0,0,79,48,77
USC00241044,"BOZEMAN MONTANA STATE UNIVERSITY, MT US",5/19/2021,0,0,0,79,40,60
USC00241044,"BOZEMAN MONTANA STATE UNIVERSITY, MT US",5/20/2021,0.25,0,0,61,32,37
USC00241044,"BOZEMAN MONTANA STATE UNIVERSITY, MT US",5/21/2021,0.33,3.3,2,38,26,29
USC00241044,"BOZEMAN MONTANA STATE UNIVERSITY, MT US",5/22/2021,0.12,1.2,0,36,26,34
USC00241044,"BOZEMAN MONTANA STATE UNIVERSITY, MT US",5/23/2021,0.35,0,0,45,32,39
USC00241044,"BOZEMAN MONTANA STATE UNIVERSITY, MT US",5/24/2021,0.01,0.1,,60,38,58
USC00241044,"BOZEMAN MONTANA STATE UNIVERSITY, MT US",5/25/2021,0,0,0,64,40,63
USC00241044,"BOZEMAN MONTANA STATE UNIVERSITY, MT US",5/26/2021,0.43,0,,66,41,45
USC00241044,"BOZEMAN MONTANA STATE UNIVERSITY, MT US",5/27/2021,0.07,0,0,68,36,67
USC00241044,"BOZEMAN MONTANA STATE UNIVERSITY, MT US",5/28/2021,0,0,0,71,50,61
USC00241044,"BOZEMAN MONTANA STATE UNIVERSITY, MT US",5/29/2021,0,0,0,63,33,58
USC00241044,"BOZEMAN MONTANA STATE UNIVERSITY, MT US",5/30/2021,0,0,0,68,38,66
USC00241044,"BOZEMAN MONTANA STATE UNIVERSITY, MT US",5/31/2021,0,0,0,73,43,72
USC00241044,"BOZEMAN MONTANA STATE UNIVERSITY, MT US",6/1/2021,0,0,0,75,47,73
USC00241044,"BOZEMAN MONTANA STATE UNIVERSITY, MT US",6/2/2021,0,0,0,78,51,78
USC00241044,"BOZEMAN MONTANA STATE UNIVERSITY, MT US",6/3/2021,0,0,0,85,54,85
USC00241044,"BOZEMAN MONTANA STATE UNIVERSITY, MT US",6/4/2021,0,0,0,90,57,88
USC00241044,"BOZEMAN MONTANA STATE UNIVERSITY, MT US",6/5/2021,0.47,0,0,88,54,68
USC00241044,"BOZEMAN MONTANA STATE UNIVERSITY, MT US",6/6/2021,0.05,0,0,75,46,66
USC00241044,"BOZEMAN MONTANA STATE UNIVERSITY, MT US",6/7/2021,0,0,0,72,44,69
USC00241044,"BOZEMAN MONTANA STATE UNIVERSITY, MT US",6/8/2021,0,0,0,75,56,73
USC00241044,"BOZEMAN MONTANA STATE UNIVERSITY, MT US",6/9/2021,0,0,0,84,51,84
USC00241044,"BOZEMAN MONTANA STATE UNIVERSITY, MT US",6/10/2021,0,0,0,85,46,64
USC00241044,"BOZEMAN MONTANA STATE UNIVERSITY, MT US",6/11/2021,0,0,0,66,34,63
USC00241044,"BOZEMAN MONTANA STATE UNIVERSITY, MT US",6/12/2021,0,0,0,77,48,76
USC00241044,"BOZEMAN MONTANA STATE UNIVERSITY, MT US",6/13/2021,0,0,0,83,57,82
USC00241044,"BOZEMAN MONTANA STATE UNIVERSITY, MT US",6/14/2021,0,0,0,93,66,92
USC00241044,"BOZEMAN MONTANA STATE UNIVERSITY, MT US",6/15/2021,0,0,0,94,66,92
USC00241044,"BOZEMAN MONTANA STATE UNIVERSITY, MT US",6/16/2021,0,0,0,93,51,70
USC00241044,"BOZEMAN MONTANA STATE UNIVERSITY, MT US",6/17/2021,0,0,0,76,46,76
USC00241044,"BOZEMAN MONTANA STATE UNIVERSITY, MT US",6/18/2021,0,0,0,80,49,79
USC00241044,"BOZEMAN MONTANA STATE UNIVERSITY, MT US",6/19/2021,0,0,0,82,54,76
USC00241044,"BOZEMAN MONTANA STATE UNIVERSITY, MT US",6/20/2021,0.17,0,0,78,51,57
USC00241044,"BOZEMAN MONTANA STATE UNIVERSITY, MT US",6/21/2021,0,0,0,75,42,75
USC00241044,"BOZEMAN MONTANA STATE UNIVERSITY, MT US",6/22/2021,0,0,0,84,52,83
USC00241044,"BOZEMAN MONTANA STATE UNIVERSITY, MT US",6/23/2021,0,0,0,87,59,79
USC00241044,"BOZEMAN MONTANA STATE UNIVERSITY, MT US",6/24/2021,0.02,0,0,81,55,80
USC00241044,"BOZEMAN MONTANA STATE UNIVERSITY, MT US",6/25/2021,0.41,0,0,81,50,73
USC00241044,"BOZEMAN MONTANA STATE UNIVERSITY, MT US",6/26/2021,0,0,0,77,57,74
USC00241044,"BOZEMAN MONTANA STATE UNIVERSITY, MT US",6/27/2021,0,0,0,78,53,77
USC00241044,"BOZEMAN MONTANA STATE UNIVERSITY, MT US",6/28/2021,0,0,0,83,56,82
USC00241044,"BOZEMAN MONTANA STATE UNIVERSITY, MT US",6/29/2021,0,0,0,88,61,88
USC00241044,"BOZEMAN MONTANA STATE UNIVERSITY, MT US",6/30/2021,0,0,0,90,61,89
USC00241044,"BOZEMAN MONTANA STATE UNIVERSITY, MT US",7/1/2021,0,0,0,90,58,88
USC00241044,"BOZEMAN MONTANA STATE UNIVERSITY, MT US",7/2/2021,0,0,0,91,57,88
USC00241044,"BOZEMAN MONTANA STATE UNIVERSITY, MT US",7/3/2021,0,0,0,91,60,91
USC00241044,"BOZEMAN MONTANA STATE UNIVERSITY, MT US",7/4/2021,0,0,0,92,65,89
USC00241044,"BOZEMAN MONTANA STATE UNIVERSITY, MT US",7/5/2021,0.35,0,,90,60,71
USC00241044,"BOZEMAN MONTANA STATE UNIVERSITY, MT US",7/6/2021,0,0,0,87,57,87
USC00241044,"BOZEMAN MONTANA STATE UNIVERSITY, MT US",7/7/2021,0,0,0,91,58,88
USC00241044,"BOZEMAN MONTANA STATE UNIVERSITY, MT US",7/8/2021,0.29,0,0,88,54,83
USC00241044,"BOZEMAN MONTANA STATE UNIVERSITY, MT US",7/9/2021,0,0,0,86,59,77
USC00241044,"BOZEMAN MONTANA STATE UNIVERSITY, MT US",7/10/2021,0,0,0,83,51,83
USC00241044,"BOZEMAN MONTANA STATE UNIVERSITY, MT US",7/11/2021,0,0,0,85,57,84
USC00241044,"BOZEMAN MONTANA STATE UNIVERSITY, MT US",7/12/2021,0,0,0,86,61,83
USC00241044,"BOZEMAN MONTANA STATE UNIVERSITY, MT US",7/13/2021,0,0,0,84,62,74
USC00241044,"BOZEMAN MONTANA STATE UNIVERSITY, MT US",7/14/2021,0,0,0,79,51,79
USC00241044,"BOZEMAN MONTANA STATE UNIVERSITY, MT US",7/15/2021,0,0,0,85,53,85
USC00241044,"BOZEMAN MONTANA STATE UNIVERSITY, MT US",7/16/2021,0,0,0,89,63,84
USC00241044,"BOZEMAN MONTANA STATE UNIVERSITY, MT US",7/17/2021,0,0,0,86,53,86
USC00241044,"BOZEMAN MONTANA STATE UNIVERSITY, MT US",7/18/2021,0,0,0,94,64,94
USC00241044,"BOZEMAN MONTANA STATE UNIVERSITY, MT US",7/19/2021,0,0,0,96,61,84
USC00241044,"BOZEMAN MONTANA STATE UNIVERSITY, MT US",7/20/2021,0,0,0,85,64,85
USC00241044,"BOZEMAN MONTANA STATE UNIVERSITY, MT US",7/21/2021,0.12,0,0,86,57,85
USC00241044,"BOZEMAN MONTANA STATE UNIVERSITY, MT US",7/22/2021,0.14,0,0,86,56,70
USC00241044,"BOZEMAN MONTANA STATE UNIVERSITY, MT US",7/23/2021,0,0,0,84,53,83
USC00241044,"BOZEMAN MONTANA STATE UNIVERSITY, MT US",7/24/2021,0,0,0,85,51,83
USC00241044,"BOZEMAN MONTANA STATE UNIVERSITY, MT US",7/25/2021,0,0,0,87,54,85
USC00241044,"BOZEMAN MONTANA STATE UNIVERSITY, MT US",7/26/2021,0,0,0,89,56,88
USC00241044,"BOZEMAN MONTANA STATE UNIVERSITY, MT US",7/27/2021,0,0,0,91,59,86
USC00241044,"BOZEMAN MONTANA STATE UNIVERSITY, MT US",7/28/2021,0,0,0,90,67,82
USC00241044,"BOZEMAN MONTANA STATE UNIVERSITY, MT US",7/29/2021,0,0,0,84,65,79
USC00241044,"BOZEMAN MONTANA STATE UNIVERSITY, MT US",7/30/2021,0.14,0,0,88,56,88
USC00241044,"BOZEMAN MONTANA STATE UNIVERSITY, MT US",7/31/2021,0,0,0,89,68,89
USC00241044,"BOZEMAN MONTANA STATE UNIVERSITY, MT US",8/1/2021,0,0,0,90,67,88
USC00241044,"BOZEMAN MONTANA STATE UNIVERSITY, MT US",8/2/2021,0.82,0,0,90,58,59
USC00241044,"BOZEMAN MONTANA STATE UNIVERSITY, MT US",8/3/2021,0.47,0,0,79,58,79
USC00241044,"BOZEMAN MONTANA STATE UNIVERSITY, MT US",8/4/2021,0,0,0,84,56,83
USC00241044,"BOZEMAN MONTANA STATE UNIVERSITY, MT US",8/5/2021,0,0,0,86,59,80
USC00241044,"BOZEMAN MONTANA STATE UNIVERSITY, MT US",8/6/2021,0.04,0,0,82,57,76
USC00241044,"BOZEMAN MONTANA STATE UNIVERSITY, MT US",8/7/2021,0.01,0,0,81,50,81
USC00241044,"BOZEMAN MONTANA STATE UNIVERSITY, MT US",8/8/2021,0,0,0,87,59,86
USC00241044,"BOZEMAN MONTANA STATE UNIVERSITY, MT US",8/9/2021,0.12,0,0,86,43,67
USC00241044,"BOZEMAN MONTANA STATE UNIVERSITY, MT US",8/10/2021,0,0,0,77,44,75
USC00241044,"BOZEMAN MONTANA STATE UNIVERSITY, MT US",8/11/2021,0,0,0,84,56,83
USC00241044,"BOZEMAN MONTANA STATE UNIVERSITY, MT US",8/12/2021,0,0,0,86,59,82
USC00241044,"BOZEMAN MONTANA STATE UNIVERSITY, MT US",8/13/2021,0,0,0,84,57,82
USC00241044,"BOZEMAN MONTANA STATE UNIVERSITY, MT US",8/14/2021,0,0,0,87,57,86
USC00241044,"BOZEMAN MONTANA STATE UNIVERSITY, MT US",8/15/2021,0,0,0,88,53,84
USC00241044,"BOZEMAN MONTANA STATE UNIVERSITY, MT US",8/16/2021,0,0,0,86,59,82
USC00241044,"BOZEMAN MONTANA STATE UNIVERSITY, MT US",8/17/2021,0.03,0,0,84,56,83
USC00241044,"BOZEMAN MONTANA STATE UNIVERSITY, MT US",8/18/2021,0.34,0,0,87,46,48
USC00241044,"BOZEMAN MONTANA STATE UNIVERSITY, MT US",8/19/2021,0.03,0,0,53,45,53
USC00241044,"BOZEMAN MONTANA STATE UNIVERSITY, MT US",8/20/2021,1.36,0,0,62,48,62
USC00241044,"BOZEMAN MONTANA STATE UNIVERSITY, MT US",8/21/2021,0.01,0,0,65,50,61
USC00241044,"BOZEMAN MONTANA STATE UNIVERSITY, MT US",8/22/2021,0.02,0,0,71,46,71
USC00241044,"BOZEMAN MONTANA STATE UNIVERSITY, MT US",8/23/2021,0,0,0,80,47,80
USC00241044,"BOZEMAN MONTANA STATE UNIVERSITY, MT US",8/24/2021,0,0,0,80,39,68
USC00241044,"BOZEMAN MONTANA STATE UNIVERSITY, MT US",8/25/2021,0,0,0,71,49,70
USC00241044,"BOZEMAN MONTANA STATE UNIVERSITY, MT US",8/26/2021,0.06,0,0,71,45,70
USC00241044,"BOZEMAN MONTANA STATE UNIVERSITY, MT US",8/27/2021,0,0,0,70,49,60
USC00241044,"BOZEMAN MONTANA STATE UNIVERSITY, MT US",8/28/2021,0,0,0,66,43,65
USC00241044,"BOZEMAN MONTANA STATE UNIVERSITY, MT US",8/29/2021,0,0,0,76,43,76
USC00241044,"BOZEMAN MONTANA STATE UNIVERSITY, MT US",8/30/2021,0,0,0,84,44,82
USC00241044,"BOZEMAN MONTANA STATE UNIVERSITY, MT US",8/31/2021,0,0,0,82,48,78
USC00241044,"BOZEMAN MONTANA STATE UNIVERSITY, MT US",9/1/2021,0,0,0,78,40,69
USC00241044,"BOZEMAN MONTANA STATE UNIVERSITY, MT US",9/2/2021,0,0,0,71,40,66
USC00241044,"BOZEMAN MONTANA STATE UNIVERSITY, MT US",9/3/2021,0,0,0,69,47,69
USC00241044,"BOZEMAN MONTANA STATE UNIVERSITY, MT US",9/4/2021,0,0,0,75,43,73
USC00241044,"BOZEMAN MONTANA STATE UNIVERSITY, MT US",9/5/2021,0,0,0,82,43,81
USC00241044,"BOZEMAN MONTANA STATE UNIVERSITY, MT US",9/6/2021,0,0,0,82,47,82
USC00241044,"BOZEMAN MONTANA STATE UNIVERSITY, MT US",9/7/2021,0,0,0,82,46,78
USC00241044,"BOZEMAN MONTANA STATE UNIVERSITY, MT US",9/8/2021,0,0,0,85,53,84
USC00241044,"BOZEMAN MONTANA STATE UNIVERSITY, MT US",9/9/2021,0,0,0,88,53,81
USC00241044,"BOZEMAN MONTANA STATE UNIVERSITY, MT US",9/10/2021,0,0,0,84,50,84
USC00241044,"BOZEMAN MONTANA STATE UNIVERSITY, MT US",9/11/2021,0.06,0,0,85,53,70
USC00241044,"BOZEMAN MONTANA STATE UNIVERSITY, MT US",9/12/2021,0,0,0,73,44,73
USC00241044,"BOZEMAN MONTANA STATE UNIVERSITY, MT US",9/13/2021,0,0,0,74,47,69
USC00241044,"BOZEMAN MONTANA STATE UNIVERSITY, MT US",9/14/2021,0,0,0,70,41,68
USC00241044,"BOZEMAN MONTANA STATE UNIVERSITY, MT US",9/15/2021,0,0,0,78,44,77
USC00241044,"BOZEMAN MONTANA STATE UNIVERSITY, MT US",9/16/2021,0,0,0,78,49,59
USC00241044,"BOZEMAN MONTANA STATE UNIVERSITY, MT US",9/17/2021,0,0,0,73,36,73
USC00241044,"BOZEMAN MONTANA STATE UNIVERSITY, MT US",9/18/2021,0,0,0,80,53,78
USC00241044,"BOZEMAN MONTANA STATE UNIVERSITY, MT US",9/19/2021,0.02,0,0,79,49,54
USC00241044,"BOZEMAN MONTANA STATE UNIVERSITY, MT US",9/20/2021,0.05,0,0,54,41,50
USC00241044,"BOZEMAN MONTANA STATE UNIVERSITY, MT US",9/21/2021,0,0,0,66,29,65
USC00241044,"BOZEMAN MONTANA STATE UNIVERSITY, MT US",9/22/2021,0,0,0,75,39,75
USC00241044,"BOZEMAN MONTANA STATE UNIVERSITY, MT US",9/23/2021,0,0,0,76,42,63
USC00241044,"BOZEMAN MONTANA STATE UNIVERSITY, MT US",9/24/2021,0,0,0,68,39,68
USC00241044,"BOZEMAN MONTANA STATE UNIVERSITY, MT US",9/25/2021,0,0,0,79,40,79
USC00241044,"BOZEMAN MONTANA STATE UNIVERSITY, MT US",9/26/2021,0,0,0,80,45,80
USC00241044,"BOZEMAN MONTANA STATE UNIVERSITY, MT US",9/27/2021,0,0,0,83,42,83
USC00241044,"BOZEMAN MONTANA STATE UNIVERSITY, MT US",9/28/2021,0,0,0,84,49,60
USC00241044,"BOZEMAN MONTANA STATE UNIVERSITY, MT US",9/29/2021,0,0,0,60,30,54
USC00241044,"BOZEMAN MONTANA STATE UNIVERSITY, MT US",9/30/2021,0,0,0,63,30,63
USC00241044,"BOZEMAN MONTANA STATE UNIVERSITY, MT US",10/1/2021,0,0,0,66,34,65
USC00241044,"BOZEMAN MONTANA STATE UNIVERSITY, MT US",10/2/2021,0,0,0,69,39,69
USC00241044,"BOZEMAN MONTANA STATE UNIVERSITY, MT US",10/3/2021,0,0,0,74,35,73
USC00241044,"BOZEMAN MONTANA STATE UNIVERSITY, MT US",10/4/2021,0,0,0,77,42,76
USC00241044,"BOZEMAN MONTANA STATE UNIVERSITY, MT US",10/5/2021,0,0,0,80,45,76
USC00241044,"BOZEMAN MONTANA STATE UNIVERSITY, MT US",10/6/2021,0,0,0,78,54,69
USC00241044,"BOZEMAN MONTANA STATE UNIVERSITY, MT US",10/7/2021,0.35,0,0,71,39,48
USC00241044,"BOZEMAN MONTANA STATE UNIVERSITY, MT US",10/8/2021,0.06,0,0,58,40,53
USC00241044,"BOZEMAN MONTANA STATE UNIVERSITY, MT US",10/9/2021,0.28,0,0,53,43,53
USC00241044,"BOZEMAN MONTANA STATE UNIVERSITY, MT US",10/10/2021,0,0,0,57,32,57
USC00241044,"BOZEMAN MONTANA STATE UNIVERSITY, MT US",10/11/2021,0.7,7,5,60,29,32
USC00241044,"BOZEMAN MONTANA STATE UNIVERSITY, MT US",10/12/2021,0.27,2.7,6,32,26,32
USC00241044,"BOZEMAN MONTANA STATE UNIVERSITY, MT US",10/13/2021,0.01,0.1,4,37,26,37
USC00241044,"BOZEMAN MONTANA STATE UNIVERSITY, MT US",10/14/2021,0.02,0.2,2,38,30,37
USC00241044,"BOZEMAN MONTANA STATE UNIVERSITY, MT US",10/15/2021,0,0,0,50,29,48
USC00241044,"BOZEMAN MONTANA STATE UNIVERSITY, MT US",10/16/2021,0,0,0,63,31,63
USC00241044,"BOZEMAN MONTANA STATE UNIVERSITY, MT US",10/17/2021,0,0,0,69,33,66
USC00241044,"BOZEMAN MONTANA STATE UNIVERSITY, MT US",10/18/2021,0,0,0,67,37,59
USC00241044,"BOZEMAN MONTANA STATE UNIVERSITY, MT US",10/19/2021,0,0,0,61,39,47
USC00241044,"BOZEMAN MONTANA STATE UNIVERSITY, MT US",10/20/2021,0,0,0,51,32,51
USC00241044,"BOZEMAN MONTANA STATE UNIVERSITY, MT US",10/21/2021,0,0,0,64,37,63
USC00241044,"BOZEMAN MONTANA STATE UNIVERSITY, MT US",10/22/2021,0,0,0,70,38,67
USC00241044,"BOZEMAN MONTANA STATE UNIVERSITY, MT US",10/23/2021,0,0,0,68,41,49
USC00241044,"BOZEMAN MONTANA STATE UNIVERSITY, MT US",10/24/2021,0,0,0,56,34,53
USC00241044,"BOZEMAN MONTANA STATE UNIVERSITY, MT US",10/25/2021,0.18,0,0,54,43,44
USC00241044,"BOZEMAN MONTANA STATE UNIVERSITY, MT US",10/26/2021,0.63,0,0,46,34,44
USC00241044,"BOZEMAN MONTANA STATE UNIVERSITY, MT US",10/27/2021,0,0,0,49,37,46
USC00241044,"BOZEMAN MONTANA STATE UNIVERSITY, MT US",10/28/2021,0,0,0,58,33,58
USC00241044,"BOZEMAN MONTANA STATE UNIVERSITY, MT US",10/29/2021,0,0,0,62,41,62
USC00241044,"BOZEMAN MONTANA STATE UNIVERSITY, MT US",10/30/2021,0.08,0,0,62,38,41
USC00241044,"BOZEMAN MONTANA STATE UNIVERSITY, MT US",10/31/2021,0,0,0,41,26,31
USC00241044,"BOZEMAN MONTANA STATE UNIVERSITY, MT US",11/1/2021,0.01,0,0,39,27,38
USC00241044,"BOZEMAN MONTANA STATE UNIVERSITY, MT US",11/2/2021,0,0,0,46,24,45
USC00241044,"BOZEMAN MONTANA STATE UNIVERSITY, MT US",11/3/2021,0,0,0,55,28,54
USC00241044,"BOZEMAN MONTANA STATE UNIVERSITY, MT US",11/4/2021,0,0,0,59,31,58
USC00241044,"BOZEMAN MONTANA STATE UNIVERSITY, MT US",11/5/2021,0.03,0,0,61,39,57
USC00241044,"BOZEMAN MONTANA STATE UNIVERSITY, MT US",11/6/2021,0,0,0,57,38,52
USC00241044,"BOZEMAN MONTANA STATE UNIVERSITY, MT US",11/7/2021,0.13,0,0,52,31,42
USC00241044,"BOZEMAN MONTANA STATE UNIVERSITY, MT US",11/8/2021,0,0,0,42,20,40
USC00241044,"BOZEMAN MONTANA STATE UNIVERSITY, MT US",11/9/2021,0,0,0,48,23,48
USC00241044,"BOZEMAN MONTANA STATE UNIVERSITY, MT US",11/10/2021,0.02,0.2,,48,25,36
USC00241044,"BOZEMAN MONTANA STATE UNIVERSITY, MT US",11/11/2021,0.12,2.4,2,37,25,29
USC00241044,"BOZEMAN MONTANA STATE UNIVERSITY, MT US",11/12/2021,0.02,0.2,0,49,24,47
USC00241044,"BOZEMAN MONTANA STATE UNIVERSITY, MT US",11/13/2021,0,0,0,55,44,47
USC00241044,"BOZEMAN MONTANA STATE UNIVERSITY, MT US",11/14/2021,0,0,0,62,38,61
USC00241044,"BOZEMAN MONTANA STATE UNIVERSITY, MT US",11/15/2021,0,0,0,63,51,62
USC00241044,"BOZEMAN MONTANA STATE UNIVERSITY, MT US",11/16/2021,0,0,0,62,31,32
USC00241044,"BOZEMAN MONTANA STATE UNIVERSITY, MT US",11/17/2021,0,0,0,32,16,30
USC00241044,"BOZEMAN MONTANA STATE UNIVERSITY, MT US",11/18/2021,0,0,0,38,15,36
USC00241044,"BOZEMAN MONTANA STATE UNIVERSITY, MT US",11/19/2021,0,0,0,51,29,50
USC00241044,"BOZEMAN MONTANA STATE UNIVERSITY, MT US",11/20/2021,0.13,0,0,50,32,39
USC00241044,"BOZEMAN MONTANA STATE UNIVERSITY, MT US",11/21/2021,0,0,0,44,20,41
USC00241044,"BOZEMAN MONTANA STATE UNIVERSITY, MT US",11/22/2021,0,0,0,51,25,50
USC00241044,"BOZEMAN MONTANA STATE UNIVERSITY, MT US",11/23/2021,0,0,,53,21,39
USC00241044,"BOZEMAN MONTANA STATE UNIVERSITY, MT US",11/24/2021,0.08,1.6,,41,25,34
USC00241044,"BOZEMAN MONTANA STATE UNIVERSITY, MT US",11/25/2021,0.01,0.1,0,40,18,39
USC00241044,"BOZEMAN MONTANA STATE UNIVERSITY, MT US",11/26/2021,0,0,0,50,33,47
USC00241044,"BOZEMAN MONTANA STATE UNIVERSITY, MT US",11/27/2021,0,0,0,48,35,45
USC00241044,"BOZEMAN MONTANA STATE UNIVERSITY, MT US",11/28/2021,0,0,0,63,34,62
USC00241044,"BOZEMAN MONTANA STATE UNIVERSITY, MT US",11/29/2021,0.06,0,0,62,40,41
USC00241044,"BOZEMAN MONTANA STATE UNIVERSITY, MT US",11/30/2021,0.14,0,0,50,29,49
USC00241044,"BOZEMAN MONTANA STATE UNIVERSITY, MT US",12/1/2021,0,0,0,64,40,63
USC00241044,"BOZEMAN MONTANA STATE UNIVERSITY, MT US",12/2/2021,0,0,0,63,51,62
USC00241044,"BOZEMAN MONTANA STATE UNIVERSITY, MT US",12/3/2021,0,0,0,62,31,46
USC00241044,"BOZEMAN MONTANA STATE UNIVERSITY, MT US",12/4/2021,0,0,0,56,30,55
USC00241044,"BOZEMAN MONTANA STATE UNIVERSITY, MT US",12/5/2021,0.12,2.4,2,56,24,24
USC00241044,"BOZEMAN MONTANA STATE UNIVERSITY, MT US",12/6/2021,0,0,1,31,10,30
USC00241044,"BOZEMAN MONTANA STATE UNIVERSITY, MT US",12/7/2021,0.07,0.7,1,40,26,38
USC00241044,"BOZEMAN MONTANA STATE UNIVERSITY, MT US",12/8/2021,0,0,1,46,23,43
USC00241044,"BOZEMAN MONTANA STATE UNIVERSITY, MT US",12/9/2021,0,0,0,45,21,29
USC00241044,"BOZEMAN MONTANA STATE UNIVERSITY, MT US",12/10/2021,0,0,0,30,15,27
USC00241044,"BOZEMAN MONTANA STATE UNIVERSITY, MT US",12/11/2021,0,0,0,40,22,38
USC00241044,"BOZEMAN MONTANA STATE UNIVERSITY, MT US",12/12/2021,0,0,0,44,29,44
USC00241044,"BOZEMAN MONTANA STATE UNIVERSITY, MT US",12/13/2021,0,0,0,49,32,47
USC00241044,"BOZEMAN MONTANA STATE UNIVERSITY, MT US",12/14/2021,0,0,0,47,36,47
USC00241044,"BOZEMAN MONTANA STATE UNIVERSITY, MT US",12/15/2021,0.68,10.2,9,47,19,22
USC00241044,"BOZEMAN MONTANA STATE UNIVERSITY, MT US",12/16/2021,0,0,9,29,4,27
USC00241044,"BOZEMAN MONTANA STATE UNIVERSITY, MT US",12/17/2021,0.03,0.6,9,27,1,6
USC00241044,"BOZEMAN MONTANA STATE UNIVERSITY, MT US",12/18/2021,0,0,9,27,-1,26
USC00241044,"BOZEMAN MONTANA STATE UNIVERSITY, MT US",12/19/2021,0,0,7,42,22,42
USC00241044,"BOZEMAN MONTANA STATE UNIVERSITY, MT US",12/20/2021,0.11,2.1,7,42,13,33
USC00241044,"BOZEMAN MONTANA STATE UNIVERSITY, MT US",12/21/2021,0,0,5,44,28,43
USC00241044,"BOZEMAN MONTANA STATE UNIVERSITY, MT US",12/22/2021,0,0,4,45,34,41
USC00241044,"BOZEMAN MONTANA STATE UNIVERSITY, MT US",12/23/2021,0,0,4,42,27,42
USC00241044,"BOZEMAN MONTANA STATE UNIVERSITY, MT US",12/24/2021,0.21,4.2,8,43,21,25
USC00241044,"BOZEMAN MONTANA STATE UNIVERSITY, MT US",12/25/2021,0,0,7,33,17,31
USC00241044,"BOZEMAN MONTANA STATE UNIVERSITY, MT US",12/26/2021,0.3,6,12,33,1,4
USC00241044,"BOZEMAN MONTANA STATE UNIVERSITY, MT US",12/27/2021,0,0,11,5,-11,-3
USC00241044,"BOZEMAN MONTANA STATE UNIVERSITY, MT US",12/28/2021,0,0,11,14,-9,14
USC00241044,"BOZEMAN MONTANA STATE UNIVERSITY, MT US",12/29/2021,0.02,0.2,11,14,-1,1
USC00241044,"BOZEMAN MONTANA STATE UNIVERSITY, MT US",12/30/2021,0,0,11,28,-9,23
USC00241044,"BOZEMAN MONTANA STATE UNIVERSITY, MT US",12/31/2021,0,0,11,23,0,0
